Feature,Importance
humidity,22.477959596497488
K,18.09572253630323
rainfall,18.03222109063131
N,17.60872302173593
P,14.905870602141583
temperature,6.4416807943767616
ph,2.4378223583137086
